{"cameraMode":{"drawMode":0,"name":"Shaded","section":"Shading Mode"},"sceneLighting":true,"audioPlay":false,"sceneViewState":{"m_AlwaysRefresh":false,"showFog":true,"showSkybox":true,"showFlares":true,"showImageEffects":true,"showParticleSystems":true,"showVisualEffectGraphs":true,"m_FxEnabled":true},"in2DMode":false,"pivot":{"x":3.711007595062256,"y":6.099045276641846,"z":-5.623796463012695},"rotation":{"x":-0.011819757521152497,"y":-0.9839027523994446,"z":0.06945265829563141,"w":-0.16502715647220612},"size":2.9190688133239748,"orthographic":false}